TDSFU Daily run: Sat Oct 18 23:47:43 UTC 2025 TDSFU
TDSFU Daily run: Sun Oct 19 04:37:03 UTC 2025 TDSFU
TDSFU Daily run: Mon Oct 20 04:39:47 UTC 2025 TDSFU
TDSFU Daily run: Tue Oct 21 04:36:52 UTC 2025 TDSFU
TDSFU Daily run: Wed Oct 22 04:38:11 UTC 2025 TDSFU
TDSFU Daily run: Thu Oct 23 04:36:10 UTC 2025 TDSFU
TDSFU Daily run: Fri Oct 24 04:35:28 UTC 2025 TDSFU
TDSFU Daily run: Sat Oct 25 04:34:42 UTC 2025 TDSFU
TDSFU Daily run: Sun Oct 26 04:34:59 UTC 2025 TDSFU
TDSFU Daily run: Mon Oct 27 04:43:48 UTC 2025 TDSFU
TDSFU Daily run: Tue Oct 28 04:37:50 UTC 2025 TDSFU
TDSFU Daily run: Wed Oct 29 04:42:13 UTC 2025 TDSFU
TDSFU Daily run: Thu Oct 30 04:37:05 UTC 2025 TDSFU
TDSFU Daily run: Fri Oct 31 04:41:44 UTC 2025 TDSFU
TDSFU Daily run: Sat Nov  1 04:34:10 UTC 2025 TDSFU
TDSFU Daily run: Sun Nov  2 04:37:09 UTC 2025 TDSFU
TDSFU Daily run: Mon Nov  3 04:42:57 UTC 2025 TDSFU
TDSFU Daily run: Tue Nov  4 04:37:33 UTC 2025 TDSFU
TDSFU Daily run: Wed Nov  5 04:37:58 UTC 2025 TDSFU
TDSFU Daily run: Thu Nov  6 04:42:23 UTC 2025 TDSFU
TDSFU Daily run: Fri Nov  7 04:37:21 UTC 2025 TDSFU
TDSFU Daily run: Sat Nov  8 04:35:10 UTC 2025 TDSFU
TDSFU Daily run: Sun Nov  9 04:35:41 UTC 2025 TDSFU
TDSFU Daily run: Mon Nov 10 04:41:52 UTC 2025 TDSFU
TDSFU Daily run: Tue Nov 11 04:40:09 UTC 2025 TDSFU
TDSFU Daily run: Wed Nov 12 04:40:06 UTC 2025 TDSFU
TDSFU Daily run: Thu Nov 13 04:41:18 UTC 2025 TDSFU
TDSFU Daily run: Fri Nov 14 04:38:22 UTC 2025 TDSFU
TDSFU Daily run: Sat Nov 15 04:36:03 UTC 2025 TDSFU
TDSFU Daily run: Sun Nov 16 04:40:40 UTC 2025 TDSFU
TDSFU Daily run: Mon Nov 17 04:42:01 UTC 2025 TDSFU
TDSFU Daily run: Tue Nov 18 04:39:22 UTC 2025 TDSFU
TDSFU Daily run: Wed Nov 19 04:39:45 UTC 2025 TDSFU
TDSFU Daily run: Thu Nov 20 04:37:53 UTC 2025 TDSFU
TDSFU Daily run: Fri Nov 21 04:39:19 UTC 2025 TDSFU
TDSFU Daily run: Sat Nov 22 04:35:35 UTC 2025 TDSFU
TDSFU Daily run: Sun Nov 23 04:46:23 UTC 2025 TDSFU
TDSFU Daily run: Mon Nov 24 04:47:34 UTC 2025 TDSFU
TDSFU Daily run: Tue Nov 25 04:41:48 UTC 2025 TDSFU
TDSFU Daily run: Wed Nov 26 04:41:52 UTC 2025 TDSFU
TDSFU Daily run: Thu Nov 27 04:40:50 UTC 2025 TDSFU
TDSFU Daily run: Fri Nov 28 04:40:23 UTC 2025 TDSFU
TDSFU Daily run: Sat Nov 29 04:38:47 UTC 2025 TDSFU
TDSFU Daily run: Sun Nov 30 04:47:52 UTC 2025 TDSFU
TDSFU Daily run: Mon Dec  1 04:59:12 UTC 2025 TDSFU
TDSFU Daily run: Tue Dec  2 04:45:03 UTC 2025 TDSFU
TDSFU Daily run: Wed Dec  3 04:43:26 UTC 2025 TDSFU
TDSFU Daily run: Thu Dec  4 04:44:40 UTC 2025 TDSFU
TDSFU Daily run: Fri Dec  5 04:44:06 UTC 2025 TDSFU
